{
  "0": {
    "precision": 1.0,
    "recall": 0.9949238578680203,
    "f1-score": 0.9974554707379135,
    "support": 197.0
  },
  "1": {
    "precision": 0.9936305732484076,
    "recall": 1.0,
    "f1-score": 0.9968051118210862,
    "support": 156.0
  },
  "accuracy": 0.9971671388101983,
  "macro avg": {
    "precision": 0.9968152866242038,
    "recall": 0.9974619289340101,
    "f1-score": 0.9971302912794999,
    "support": 353.0
  },
  "weighted avg": {
    "precision": 0.9971851825120441,
    "recall": 0.9971671388101983,
    "f1-score": 0.9971680599984657,
    "support": 353.0
  }
}