{"train_loss": [0.693471630414327, 0.510439858791676, 0.33669656472848664, 0.23084058089459197, 0.19108728377531606, 0.13114945712030357], "val_loss": [0.6975508558918053, 0.680257432897326, 0.662131238151604, 0.7156718683914399, 0.8988072083029949, 0.8312157510032117], "train_acc": [0.5177304964539007, 0.7375886524822695, 0.8475177304964538, 0.9042553191489362, 0.9326241134751773, 0.9574468085106383], "val_acc": [0.5774647887323944, 0.6056338028169014, 0.6056338028169014, 0.676056338028169, 0.6056338028169014, 0.6338028169014085]}