{"benign":{"precision":0.7,"recall":0.6666666667,"f1-score":0.6829268293,"support":42.0},"malignant":{"precision":0.5483870968,"recall":0.5862068966,"f1-score":0.5666666667,"support":29.0},"accuracy":{"precision":0.6338028169,"recall":0.6338028169,"f1-score":0.6338028169,"support":0.6338028169},"macro avg":{"precision":0.6241935484,"recall":0.6264367816,"f1-score":0.624796748,"support":71.0},"weighted avg":{"precision":0.6380736029,"recall":0.6338028169,"f1-score":0.635440284,"support":71.0}}