{"0":{"precision":0.6086956522,"recall":0.7,"f1-score":0.6511627907,"support":40.0},"1":{"precision":0.52,"recall":0.4193548387,"f1-score":0.4642857143,"support":31.0},"accuracy":{"precision":0.5774647887,"recall":0.5774647887,"f1-score":0.5774647887,"support":0.5774647887},"macro avg":{"precision":0.5643478261,"recall":0.5596774194,"f1-score":0.5577242525,"support":71.0},"weighted avg":{"precision":0.5699693815,"recall":0.5774647887,"f1-score":0.5695685742,"support":71.0}}