{
  "logreg": {
    "classification_report": {
      "0": {
        "precision": 0.9761904761904762,
        "recall": 0.9534883720930233,
        "f1-score": 0.9647058823529412,
        "support": 43.0
      },
      "1": {
        "precision": 0.9722222222222222,
        "recall": 0.9859154929577465,
        "f1-score": 0.9790209790209791,
        "support": 71.0
      },
      "accuracy": 0.9736842105263158,
      "macro avg": {
        "precision": 0.9742063492063492,
        "recall": 0.9697019325253848,
        "f1-score": 0.9718634306869601,
        "support": 114.0
      },
      "weighted avg": {
        "precision": 0.9737190197716513,
        "recall": 0.9736842105263158,
        "f1-score": 0.973621425014614,
        "support": 114.0
      }
    },
    "confusion_matrix": [
      [
        41,
        2
      ],
      [
        1,
        70
      ]
    ],
    "roc_auc": 0.99737962659679
  },
  "rf": {
    "classification_report": {
      "0": {
        "precision": 0.975609756097561,
        "recall": 0.9302325581395349,
        "f1-score": 0.9523809523809523,
        "support": 43.0
      },
      "1": {
        "precision": 0.958904109589041,
        "recall": 0.9859154929577465,
        "f1-score": 0.9722222222222222,
        "support": 71.0
      },
      "accuracy": 0.9649122807017544,
      "macro avg": {
        "precision": 0.9672569328433009,
        "recall": 0.9580740255486406,
        "f1-score": 0.9623015873015872,
        "support": 114.0
      },
      "weighted avg": {
        "precision": 0.9652053622194477,
        "recall": 0.9649122807017544,
        "f1-score": 0.9647382344750765,
        "support": 114.0
      }
    },
    "confusion_matrix": [
      [
        40,
        3
      ],
      [
        1,
        70
      ]
    ],
    "roc_auc": 0.995250573206682,
    "top_features": [
      [
        "worst area",
        0.15389236463205394
      ],
      [
        "worst concave points",
        0.14466326620735528
      ],
      [
        "mean concave points",
        0.10620998844591638
      ],
      [
        "worst radius",
        0.07798687515738047
      ],
      [
        "mean concavity",
        0.06800084191430111
      ],
      [
        "worst perimeter",
        0.06711483267839194
      ],
      [
        "mean perimeter",
        0.053269746128179675
      ],
      [
        "mean radius",
        0.048703371737755234
      ],
      [
        "mean area",
        0.04755500886018552
      ],
      [
        "worst concavity",
        0.031801595740040434
      ]
    ]
  }
}